{"cameraMode":{"drawMode":0,"name":"Shaded","section":"Shading Mode"},"sceneLighting":false,"audioPlay":false,"sceneViewState":{"m_AlwaysRefresh":false,"showFog":true,"showSkybox":false,"showFlares":true,"showImageEffects":true,"showParticleSystems":true,"showVisualEffectGraphs":true,"m_FxEnabled":true},"in2DMode":false,"pivot":{"x":-0.06699931621551514,"y":0.7093340158462524,"z":-0.21558451652526856},"rotation":{"x":-0.3503175675868988,"y":-0.07489454001188278,"z":0.028125863522291185,"w":-0.9332221746444702},"size":2.1272518634796144,"orthographic":false}